2024-12-15 11:14:12.754038,2
2024-12-15 11:14:12.754038,771
2024-12-15 11:14:12.754038,1021
2024-12-15 11:14:12.754038,1022
2024-12-15 11:14:12.754038,1023
2024-12-15 11:14:12.755045,1023
2024-12-15 11:14:12.755141,535
2024-12-15 11:14:12.755141,1
2024-12-15 11:14:12.755141,0
2024-12-15 11:14:12.755141,2
2024-12-15 11:14:12.755141,1
2024-12-15 11:14:12.755141,136
2024-12-15 11:14:12.755141,1021
2024-12-15 11:14:12.755141,1022
2024-12-15 11:14:12.755141,1022
2024-12-15 11:14:12.755141,1021
2024-12-15 11:14:12.755141,919
2024-12-15 11:14:12.755141,0
2024-12-15 11:14:12.755141,1
2024-12-15 11:14:12.755141,2
2024-12-15 11:14:12.755141,0
2024-12-15 11:14:12.755141,67
2024-12-15 11:14:12.755141,1019
2024-12-15 11:14:12.755141,1022
2024-12-15 11:14:12.755141,1022
2024-12-15 11:14:12.755141,1021
2024-12-15 11:14:12.755141,1021
2024-12-15 11:14:12.755141,4
2024-12-15 11:14:12.755141,0
2024-12-15 11:14:12.755141,2
2024-12-15 11:14:12.755141,1
2024-12-15 11:14:12.755141,16
2024-12-15 11:14:12.755141,1020
2024-12-15 11:14:12.755141,159
2024-12-15 11:14:12.755141,1023
2024-12-15 11:14:12.755141,1021
2024-12-15 11:14:12.755141,1020
2024-12-15 11:14:12.755141,7
2024-12-15 11:14:12.755141,0
2024-12-15 11:14:12.755141,0
2024-12-15 11:14:12.755141,2
2024-12-15 11:14:12.755141,4
2024-12-15 11:14:12.755141,965
2024-12-15 11:14:12.755141,1022
2024-12-15 11:14:12.755141,1022
2024-12-15 11:14:12.755141,1023
2024-12-15 11:14:12.755141,1020
2024-12-15 11:14:12.755141,311
2024-12-15 11:14:12.755141,1
2024-12-15 11:14:12.755141,0
2024-12-15 11:14:12.755141,3
2024-12-15 11:14:12.755141,3
2024-12-15 11:14:12.755141,232
2024-12-15 11:14:12.755141,1022
2024-12-15 11:14:12.755141,1022
2024-12-15 11:14:12.755141,1022
2024-12-15 11:14:12.755141,1021
2024-12-15 11:14:12.755141,704
2024-12-15 11:14:12.755141,1
2024-12-15 11:14:12.755141,0
2024-12-15 11:14:12.755141,0
2024-12-15 11:14:12.755141,2
2024-12-15 11:14:12.755141,96
2024-12-15 11:14:12.755141,1019
2024-12-15 11:14:12.755141,1022
2024-12-15 11:14:12.755141,1022
2024-12-15 11:14:12.755141,1022
2024-12-15 11:14:12.755141,981
2024-12-15 11:14:12.755141,2
2024-12-15 11:14:12.755141,0
2024-12-15 11:14:12.755141,0
2024-12-15 11:14:12.755141,1
2024-12-15 11:14:12.755141,45
2024-12-15 11:14:12.755141,1016
2024-12-15 11:14:12.755141,1021
2024-12-15 11:14:12.755141,1022
2024-12-15 11:14:12.755141,0
2024-12-15 11:14:12.755141,1018
2024-12-15 11:14:12.755141,16
2024-12-15 11:14:12.755141,0
2024-12-15 11:14:12.760808,0
2024-12-15 11:14:12.760808,0
2024-12-15 11:14:12.760808,16
2024-12-15 11:14:12.760808,1019
2024-12-15 11:14:12.760808,1021
2024-12-15 11:14:12.760808,1023
2024-12-15 11:14:12.760808,1022
2024-12-15 11:14:12.760808,1021
2024-12-15 11:14:12.760808,122
2024-12-15 11:14:12.760808,0
2024-12-15 11:14:12.760808,0
2024-12-15 11:14:12.760808,1
2024-12-15 11:14:12.760808,5
2024-12-15 11:14:12.760808,404
2024-12-15 11:14:12.760808,1022
2024-12-15 11:14:12.760808,1022
2024-12-15 11:14:12.761804,1022
2024-12-15 11:14:12.761804,1021
2024-12-15 11:14:12.761804,604
2024-12-15 11:14:12.761804,0
2024-12-15 11:14:12.761804,0
2024-12-15 11:14:12.761804,1
2024-12-15 11:14:12.761804,3
2024-12-15 11:14:12.761804,192
2024-12-15 11:14:12.761804,1022
2024-12-15 11:14:12.761804,1022
2024-12-15 11:14:12.761804,1021
2024-12-15 11:14:12.761804,1021
2024-12-15 11:14:12.761804,772
2024-12-15 11:14:12.761804,0
2024-12-15 11:14:12.761804,1
2024-12-15 11:14:12.761804,0
2024-12-15 11:14:12.761804,4
2024-12-15 11:14:12.761804,40
2024-12-15 11:14:12.761804,1021
2024-12-15 11:14:12.761804,1021
2024-12-15 11:14:12.761804,1023
2024-12-15 11:14:12.761804,471
2024-12-15 11:14:12.761804,1020
2024-12-15 11:14:12.761804,0
2024-12-15 11:14:12.761804,0
2024-12-15 11:14:12.761804,2
2024-12-15 11:14:12.761804,0
2024-12-15 11:14:12.761804,6
2024-12-15 11:14:12.761804,1019
2024-12-15 11:14:12.761804,2
2024-12-15 11:14:12.761804,1022
2024-12-15 11:14:12.761804,1023
2024-12-15 11:14:12.761804,1021
2024-12-15 11:14:12.761804,3
2024-12-15 11:14:12.761804,0
2024-12-15 11:14:12.761804,1
2024-12-15 11:14:12.761804,0
2024-12-15 11:14:12.761804,11
2024-12-15 11:14:12.761804,989
2024-12-15 11:14:12.761804,1022
2024-12-15 11:14:12.761804,1023
2024-12-15 11:14:12.761804,1022
2024-12-15 11:14:12.761804,1022
2024-12-15 11:14:12.761804,416
2024-12-15 11:14:12.761804,0
2024-12-15 11:14:12.761804,0
2024-12-15 11:14:12.761804,0
2024-12-15 11:14:12.761804,0
2024-12-15 11:14:12.761804,288
2024-12-15 11:14:12.761804,1020
2024-12-15 11:14:12.761804,1023
2024-12-15 11:14:12.761804,1022
2024-12-15 11:14:12.761804,1023
2024-12-15 11:14:12.761804,724
2024-12-15 11:14:12.761804,0
2024-12-15 11:14:12.761804,0
2024-12-15 11:14:12.761804,2
2024-12-15 11:14:12.761804,6
2024-12-15 11:14:12.761804,166
2024-12-15 11:14:12.761804,1020
2024-12-15 11:14:12.761804,1022
2024-12-15 11:14:12.761804,6
2024-12-15 11:14:12.761804,1021
2024-12-15 11:14:12.761804,1018
2024-12-15 11:14:12.761804,4
2024-12-15 11:14:12.761804,2
2024-12-15 11:14:12.761804,2
2024-12-15 11:14:12.761804,0
2024-12-15 11:14:12.761804,61
2024-12-15 11:14:12.761804,1018
2024-12-15 11:14:12.761804,1022
2024-12-15 11:14:12.761804,1021
2024-12-15 11:14:12.761804,0
2024-12-15 11:14:12.761804,1021
2024-12-15 11:14:12.761804,3
2024-12-15 11:14:12.761804,0
2024-12-15 11:14:12.761804,0
2024-12-15 11:14:12.761804,0
2024-12-15 11:14:12.761804,21
2024-12-15 11:14:12.761804,1013
2024-12-15 11:14:12.767742,1023
2024-12-15 11:14:12.767742,1023
2024-12-15 11:14:12.767742,1022
2024-12-15 11:14:12.767742,1023
2024-12-15 11:14:12.767742,431
2024-12-15 11:14:12.768102,0
2024-12-15 11:14:12.768102,0
2024-12-15 11:14:12.768102,0
2024-12-15 11:14:12.768102,5
2024-12-15 11:14:12.768102,537
2024-12-15 11:14:12.768102,1021
2024-12-15 11:14:12.768102,1022
2024-12-15 11:14:12.768102,1023
2024-12-15 11:14:12.768102,1020
2024-12-15 11:14:12.768102,668
2024-12-15 11:14:12.768102,3
2024-12-15 11:14:12.768102,0
2024-12-15 11:14:12.768102,1
2024-12-15 11:14:12.768102,4
2024-12-15 11:14:12.768102,284
2024-12-15 11:14:12.768102,1020
2024-12-15 11:14:12.768102,1022
2024-12-15 11:14:12.768102,1022
2024-12-15 11:14:12.768102,1022
2024-12-15 11:14:12.768102,872
2024-12-15 11:14:12.768102,1
2024-12-15 11:14:12.768102,2
2024-12-15 11:14:12.768102,0
2024-12-15 11:14:12.768102,1
2024-12-15 11:14:12.768102,67
2024-12-15 11:14:12.768102,1019
2024-12-15 11:14:12.775677,1023
2024-12-15 11:14:12.775677,1021
2024-12-15 11:14:12.775677,1021
2024-12-15 11:14:12.775677,1021
2024-12-15 11:14:12.783440,0
2024-12-15 11:14:12.783440,0
2024-12-15 11:14:12.783440,0
2024-12-15 11:14:12.789705,2
2024-12-15 11:14:12.789705,40
2024-12-15 11:14:12.789705,1018
2024-12-15 11:14:12.795923,1023
2024-12-15 11:14:12.795923,1022
2024-12-15 11:14:12.795923,1021
2024-12-15 11:14:12.795923,1021
2024-12-15 11:14:12.803422,4
2024-12-15 11:14:12.803422,2
2024-12-15 11:14:12.803422,2
2024-12-15 11:14:12.803422,0
2024-12-15 11:14:12.810426,5
2024-12-15 11:14:12.810426,1019
2024-12-15 11:14:12.810426,1022
2024-12-15 11:14:12.817490,1023
2024-12-15 11:14:12.817490,1021
2024-12-15 11:14:12.817490,1021
2024-12-15 11:14:12.817490,449
2024-12-15 11:14:12.824314,4
2024-12-15 11:14:12.824314,1
2024-12-15 11:14:12.824314,0
2024-12-15 11:14:12.830245,2
2024-12-15 11:14:12.831309,401
2024-12-15 11:14:12.831309,1020
2024-12-15 11:14:12.831309,1022
2024-12-15 11:14:12.838201,1022
2024-12-15 11:14:12.838201,1023
2024-12-15 11:14:12.838201,719
2024-12-15 11:14:12.844162,4
2024-12-15 11:14:12.845279,0
2024-12-15 11:14:12.845279,2
2024-12-15 11:14:12.845279,3
2024-12-15 11:14:12.852141,118
2024-12-15 11:14:12.852141,1023
2024-12-15 11:14:12.852141,1023
2024-12-15 11:14:12.858079,1021
2024-12-15 11:14:12.859088,1021
2024-12-15 11:14:12.859088,978
2024-12-15 11:14:12.859088,0
2024-12-15 11:14:12.865940,0
2024-12-15 11:14:12.865940,2
2024-12-15 11:14:12.865940,1
2024-12-15 11:14:12.871887,38
2024-12-15 11:14:12.873067,1020
2024-12-15 11:14:12.873067,1022
2024-12-15 11:14:12.873067,1023
2024-12-15 11:14:12.880016,1022
2024-12-15 11:14:12.880016,1019
2024-12-15 11:14:12.880016,2
2024-12-15 11:14:12.880016,0
2024-12-15 11:14:12.886977,0
2024-12-15 11:14:12.886977,1
2024-12-15 11:14:12.886977,18
2024-12-15 11:14:12.892970,1015
2024-12-15 11:14:12.894109,1021
2024-12-15 11:14:12.894109,1023
2024-12-15 11:14:12.894109,1021
2024-12-15 11:14:12.900517,1022
2024-12-15 11:14:12.900517,4
2024-12-15 11:14:12.900517,1
2024-12-15 11:14:12.906639,0
2024-12-15 11:14:12.908053,0
2024-12-15 11:14:12.908053,36
2024-12-15 11:14:12.908053,1020
2024-12-15 11:14:12.915132,1022
2024-12-15 11:14:12.915132,1022
2024-12-15 11:14:12.915132,1022
2024-12-15 11:14:12.921045,1020
2024-12-15 11:14:12.921821,624
2024-12-15 11:14:12.921821,2
2024-12-15 11:14:12.921821,0
2024-12-15 11:14:12.927836,0
2024-12-15 11:14:12.929734,3
2024-12-15 11:14:12.929734,539
2024-12-15 11:14:12.934693,1020
2024-12-15 11:14:12.936565,1023
2024-12-15 11:14:12.936565,1021
2024-12-15 11:14:12.936565,1021
2024-12-15 11:14:12.942636,910
2024-12-15 11:14:12.942781,0
2024-12-15 11:14:12.942781,1
2024-12-15 11:14:12.942781,0
2024-12-15 11:14:12.949458,4
2024-12-15 11:14:12.949458,151
2024-12-15 11:14:12.949458,1018
2024-12-15 11:14:12.956327,1023
2024-12-15 11:14:12.956327,0
2024-12-15 11:14:12.956327,1020
2024-12-15 11:14:12.956327,1007
2024-12-15 11:14:12.963249,1
2024-12-15 11:14:12.963249,3
2024-12-15 11:14:12.963249,0
2024-12-15 11:14:12.969819,0
2024-12-15 11:14:12.971798,15
2024-12-15 11:14:12.973715,1020
2024-12-15 11:14:12.976062,1023
2024-12-15 11:14:12.976422,1023
2024-12-15 11:14:12.976422,1022
2024-12-15 11:14:12.976422,1019
2024-12-15 11:14:12.983472,0
2024-12-15 11:14:12.983472,1
2024-12-15 11:14:12.983472,0
2024-12-15 11:14:12.983472,0
2024-12-15 11:14:12.990341,4
2024-12-15 11:14:12.990341,1020
2024-12-15 11:14:12.990341,1021
2024-12-15 11:14:12.997326,852
2024-12-15 11:14:12.997326,1023
2024-12-15 11:14:12.997326,1021
2024-12-15 11:14:12.997326,245
2024-12-15 11:14:13.004155,0
2024-12-15 11:14:13.004155,2
2024-12-15 11:14:13.004155,3
2024-12-15 11:14:13.010877,0
2024-12-15 11:14:13.011532,718
2024-12-15 11:14:13.011532,1021
2024-12-15 11:14:13.011532,1022
2024-12-15 11:14:13.018385,1023
2024-12-15 11:14:13.018385,1022
2024-12-15 11:14:13.018385,680
2024-12-15 11:14:13.018385,2
2024-12-15 11:14:13.025560,0
2024-12-15 11:14:13.025560,0
2024-12-15 11:14:13.025560,1
2024-12-15 11:14:13.032217,232
2024-12-15 11:14:13.032217,1023
2024-12-15 11:14:13.032217,1023
2024-12-15 11:14:13.038546,1022
2024-12-15 11:14:13.039162,1021
2024-12-15 11:14:13.039162,960
2024-12-15 11:14:13.039162,0
2024-12-15 11:14:13.046228,1
2024-12-15 11:14:13.046228,2
2024-12-15 11:14:13.046228,6
2024-12-15 11:14:13.046228,48
2024-12-15 11:14:13.053517,1018
2024-12-15 11:14:13.055442,1023
2024-12-15 11:14:13.055442,1023
2024-12-15 11:14:13.060229,1022
2024-12-15 11:14:13.062158,1018
2024-12-15 11:14:13.063781,0
2024-12-15 11:14:13.065626,0
2024-12-15 11:14:13.067618,0
2024-12-15 11:14:13.069618,0
2024-12-15 11:14:13.071609,7
2024-12-15 11:14:13.073271,1021
2024-12-15 11:14:13.073271,1022
2024-12-15 11:14:13.073271,1022
2024-12-15 11:14:13.073271,1021
2024-12-15 11:14:13.073271,1022
2024-12-15 11:14:13.073271,127
2024-12-15 11:14:13.073271,1
2024-12-15 11:14:13.073271,3
2024-12-15 11:14:13.088291,0
2024-12-15 11:14:13.088291,4
2024-12-15 11:14:13.088291,867
2024-12-15 11:14:13.088291,1019
2024-12-15 11:14:13.088291,1022
2024-12-15 11:14:13.088291,1022
2024-12-15 11:14:13.088291,1021
2024-12-15 11:14:13.088291,474
2024-12-15 11:14:13.103941,6
2024-12-15 11:14:13.103941,2
2024-12-15 11:14:13.103941,0
2024-12-15 11:14:13.103941,6
2024-12-15 11:14:13.103941,304
2024-12-15 11:14:13.103941,1021
2024-12-15 11:14:13.103941,1021
2024-12-15 11:14:13.103941,1022
2024-12-15 11:14:13.119569,1021
2024-12-15 11:14:13.119569,857
2024-12-15 11:14:13.119569,5
2024-12-15 11:14:13.119569,0
2024-12-15 11:14:13.119569,0
2024-12-15 11:14:13.119569,1
2024-12-15 11:14:13.119569,133
2024-12-15 11:14:13.119569,1022
2024-12-15 11:14:13.135194,1023
2024-12-15 11:14:13.135194,1023
2024-12-15 11:14:13.135194,1021
2024-12-15 11:14:13.135194,989
2024-12-15 11:14:13.135194,5
2024-12-15 11:14:13.135194,2
2024-12-15 11:14:13.135194,3
2024-12-15 11:14:13.135194,0
2024-12-15 11:14:13.150806,111
2024-12-15 11:14:13.150806,1008
2024-12-15 11:14:13.150806,1023
2024-12-15 11:14:13.150806,1021
2024-12-15 11:14:13.150806,1021
2024-12-15 11:14:13.150806,1020
2024-12-15 11:14:13.150806,3
2024-12-15 11:14:13.150806,0
2024-12-15 11:14:13.166443,0
2024-12-15 11:14:13.166443,6
2024-12-15 11:14:13.166443,8
2024-12-15 11:14:13.166443,1018
2024-12-15 11:14:13.166443,1021
2024-12-15 11:14:13.166443,1021
2024-12-15 11:14:13.166443,1022
2024-12-15 11:14:13.180864,1021
2024-12-15 11:14:13.183435,460
2024-12-15 11:14:13.185072,1
2024-12-15 11:14:13.187087,0
2024-12-15 11:14:13.188562,1
2024-12-15 11:14:13.190560,0
2024-12-15 11:14:13.192821,426
2024-12-15 11:14:13.194469,1021
2024-12-15 11:14:13.196495,1021
2024-12-15 11:14:13.198773,1023
2024-12-15 11:14:13.201155,1023
2024-12-15 11:14:13.201872,833
2024-12-15 11:14:13.201872,2
2024-12-15 11:14:13.206221,0
2024-12-15 11:14:13.208301,3
2024-12-15 11:14:13.210606,1
2024-12-15 11:14:13.212314,248
2024-12-15 11:14:13.214660,1020
2024-12-15 11:14:13.216658,1023
2024-12-15 11:14:13.218670,1023
2024-12-15 11:14:13.220709,1021
2024-12-15 11:14:13.222698,1020
2024-12-15 11:14:13.223979,0
2024-12-15 11:14:13.225968,0
2024-12-15 11:14:13.228066,1
2024-12-15 11:14:13.230035,0
2024-12-15 11:14:13.231893,37
2024-12-15 11:14:13.233556,1019
2024-12-15 11:14:13.235561,1022
2024-12-15 11:14:13.237644,1023
2024-12-15 11:14:13.239669,0
2024-12-15 11:14:13.241479,1020
2024-12-15 11:14:13.243926,2
2024-12-15 11:14:13.245824,5
2024-12-15 11:14:13.247664,0
2024-12-15 11:14:13.249799,1
2024-12-15 11:14:13.251604,4
2024-12-15 11:14:13.253886,1020
2024-12-15 11:14:13.255434,502
2024-12-15 11:14:13.257874,1021
2024-12-15 11:14:13.259281,1021
2024-12-15 11:14:13.261308,1021
2024-12-15 11:14:13.263686,281
2024-12-15 11:14:13.265263,0
2024-12-15 11:14:13.267280,1
2024-12-15 11:14:13.269369,2
2024-12-15 11:14:13.270377,4
2024-12-15 11:14:13.273369,939
2024-12-15 11:14:13.275153,1023
2024-12-15 11:14:13.277155,1023
2024-12-15 11:14:13.279488,1021
2024-12-15 11:14:13.280593,1019
2024-12-15 11:14:13.283083,616
2024-12-15 11:14:13.284088,1
2024-12-15 11:14:13.286964,3
2024-12-15 11:14:13.288074,0
2024-12-15 11:14:13.290052,4
2024-12-15 11:14:13.293053,252
2024-12-15 11:14:13.294916,1023
2024-12-15 11:14:13.297049,1023
2024-12-15 11:14:13.299049,1022
2024-12-15 11:14:13.300623,1022
2024-12-15 11:14:13.302345,879
2024-12-15 11:14:13.303919,1
2024-12-15 11:14:13.305918,2
2024-12-15 11:14:13.307917,0
2024-12-15 11:14:13.309823,0
2024-12-15 11:14:13.309823,123
2024-12-15 11:14:13.309823,1020
2024-12-15 11:14:13.309823,1021
2024-12-15 11:14:13.318478,1023
2024-12-15 11:14:13.319519,21
2024-12-15 11:14:13.322018,1018
2024-12-15 11:14:13.324181,4
2024-12-15 11:14:13.325788,0
2024-12-15 11:14:13.327793,2
2024-12-15 11:14:13.330070,0
2024-12-15 11:14:13.331264,41
2024-12-15 11:14:13.334307,1020
2024-12-15 11:14:13.335908,1020
2024-12-15 11:14:13.338217,1021
2024-12-15 11:14:13.339740,1020
2024-12-15 11:14:13.341739,1022
2024-12-15 11:14:13.342900,3
2024-12-15 11:14:13.345016,0
2024-12-15 11:14:13.347042,1
2024-12-15 11:14:13.349043,2
2024-12-15 11:14:13.351515,9
2024-12-15 11:14:13.352484,1022
2024-12-15 11:14:13.352484,1020
2024-12-15 11:14:13.352484,1023
2024-12-15 11:14:13.359591,1022
2024-12-15 11:14:13.361168,1020
2024-12-15 11:14:13.363169,410
2024-12-15 11:14:13.365177,5
2024-12-15 11:14:13.367177,0
2024-12-15 11:14:13.369175,2
2024-12-15 11:14:13.371168,5
2024-12-15 11:14:13.372897,475
2024-12-15 11:14:13.374905,1021
2024-12-15 11:14:13.377394,1023
2024-12-15 11:14:13.379342,1023
2024-12-15 11:14:13.381249,1022
2024-12-15 11:14:13.382793,725
2024-12-15 11:14:13.384782,1
2024-12-15 11:14:13.386797,1
2024-12-15 11:14:13.388360,0
2024-12-15 11:14:13.390360,0
2024-12-15 11:14:13.392776,274
2024-12-15 11:14:13.394598,1022
2024-12-15 11:14:13.396597,1022
2024-12-15 11:14:13.398665,1022
2024-12-15 11:14:13.400820,1022
2024-12-15 11:14:13.401837,969
2024-12-15 11:14:13.403833,1
2024-12-15 11:14:13.405825,0
2024-12-15 11:14:13.408205,0
2024-12-15 11:14:13.408205,0
2024-12-15 11:14:13.408205,103
2024-12-15 11:14:13.414128,1020
2024-12-15 11:14:13.416140,1021
2024-12-15 11:14:13.418217,54
2024-12-15 11:14:13.419978,1021
2024-12-15 11:14:13.421992,1020
2024-12-15 11:14:13.423954,6
2024-12-15 11:14:13.425925,4
2024-12-15 11:14:13.427870,0
2024-12-15 11:14:13.429126,0
2024-12-15 11:14:13.431159,3
2024-12-15 11:14:13.434159,1021
2024-12-15 11:14:13.435828,678
2024-12-15 11:14:13.437841,1020
2024-12-15 11:14:13.439841,1022
2024-12-15 11:14:13.441876,1022
2024-12-15 11:14:13.442938,276
2024-12-15 11:14:13.445476,0
2024-12-15 11:14:13.447309,0
2024-12-15 11:14:13.449079,4
2024-12-15 11:14:13.451355,3
2024-12-15 11:14:13.453559,828
2024-12-15 11:14:13.455712,1022
2024-12-15 11:14:13.457388,1023
2024-12-15 11:14:13.459412,1021
2024-12-15 11:14:13.461411,1020
2024-12-15 11:14:13.462681,615
2024-12-15 11:14:13.464508,4
2024-12-15 11:14:13.466491,0
2024-12-15 11:14:13.468491,5
2024-12-15 11:14:13.470909,4
2024-12-15 11:14:13.472443,244
2024-12-15 11:14:13.472443,1022
2024-12-15 11:14:13.476604,1023
2024-12-15 11:14:13.478612,1023
2024-12-15 11:14:13.480621,1021
2024-12-15 11:14:13.482621,943
2024-12-15 11:14:13.484610,3
2024-12-15 11:14:13.486620,0
2024-12-15 11:14:13.488323,1
2024-12-15 11:14:13.490402,1
2024-12-15 11:14:13.492593,70
2024-12-15 11:14:13.494790,1019
2024-12-15 11:14:13.496250,1023
2024-12-15 11:14:13.497795,0
2024-12-15 11:14:13.500454,1022
2024-12-15 11:14:13.502453,1020
2024-12-15 11:14:13.503464,1
2024-12-15 11:14:13.506221,0
2024-12-15 11:14:13.507467,0
2024-12-15 11:14:13.509463,3
2024-12-15 11:14:13.511531,41
2024-12-15 11:14:13.514381,1017
2024-12-15 11:14:13.516324,1020
2024-12-15 11:14:13.518105,1023
2024-12-15 11:14:13.519760,0
2024-12-15 11:14:13.522224,1019
2024-12-15 11:14:13.523248,7
2024-12-15 11:14:13.525217,0
2024-12-15 11:14:13.527377,0
2024-12-15 11:14:13.528141,0
2024-12-15 11:14:13.528141,4
2024-12-15 11:14:13.533993,1016
2024-12-15 11:14:13.535992,1021
2024-12-15 11:14:13.536998,0
2024-12-15 11:14:13.538991,1023
2024-12-15 11:14:13.541388,1023
2024-12-15 11:14:13.543584,447
2024-12-15 11:14:13.545301,0
2024-12-15 11:14:13.547283,0
2024-12-15 11:14:13.548862,2
2024-12-15 11:14:13.550883,2
2024-12-15 11:14:13.552944,574
2024-12-15 11:14:13.555521,1022
2024-12-15 11:14:13.556947,1023
2024-12-15 11:14:13.558947,1022
2024-12-15 11:14:13.560879,1022
2024-12-15 11:14:13.563218,852
2024-12-15 11:14:13.564899,2
2024-12-15 11:14:13.566814,0
2024-12-15 11:14:13.568752,0
2024-12-15 11:14:13.570334,0
2024-12-15 11:14:13.572377,161
2024-12-15 11:14:13.574749,1020
2024-12-15 11:14:13.577041,1023
2024-12-15 11:14:13.579060,1022
2024-12-15 11:14:13.580660,296
2024-12-15 11:14:13.582664,1014
2024-12-15 11:14:13.584150,1
2024-12-15 11:14:13.586423,2
2024-12-15 11:14:13.588371,0
2024-12-15 11:14:13.590006,0
2024-12-15 11:14:13.592360,30
2024-12-15 11:14:13.594493,1020
2024-12-15 11:14:13.595709,1021
2024-12-15 11:14:13.598344,1022
2024-12-15 11:14:13.600361,915
2024-12-15 11:14:13.602590,1019
2024-12-15 11:14:13.603594,4
2024-12-15 11:14:13.605695,3
2024-12-15 11:14:13.606453,0
2024-12-15 11:14:13.609902,0
2024-12-15 11:14:13.611298,4
2024-12-15 11:14:13.614224,1023
2024-12-15 11:14:13.615393,1022
2024-12-15 11:14:13.617469,1022
2024-12-15 11:14:13.619441,1021
2024-12-15 11:14:13.621449,1020
2024-12-15 11:14:13.623448,201
2024-12-15 11:14:13.625452,2
2024-12-15 11:14:13.627033,2
2024-12-15 11:14:13.629288,0
2024-12-15 11:14:13.629734,0
2024-12-15 11:14:13.629734,735
2024-12-15 11:14:13.629734,1021
2024-12-15 11:14:13.637256,1022
2024-12-15 11:14:13.637256,1020
2024-12-15 11:14:13.637256,1022
2024-12-15 11:14:13.643410,558
2024-12-15 11:14:13.644970,0
2024-12-15 11:14:13.644970,0
2024-12-15 11:14:13.644970,1
2024-12-15 11:14:13.651099,6
2024-12-15 11:14:13.653129,334
2024-12-15 11:14:13.655090,1020
2024-12-15 11:14:13.657018,1021
2024-12-15 11:14:13.659023,1022
2024-12-15 11:14:13.661026,1020
2024-12-15 11:14:13.663024,964
2024-12-15 11:14:13.663973,2
2024-12-15 11:14:13.665979,0
2024-12-15 11:14:13.668988,0
2024-12-15 11:14:13.669418,0
2024-12-15 11:14:13.672043,72
2024-12-15 11:14:13.673958,1023
2024-12-15 11:14:13.673958,1023
2024-12-15 11:14:13.678530,0
2024-12-15 11:14:13.679835,1020
2024-12-15 11:14:13.679835,1018
2024-12-15 11:14:13.679835,0
2024-12-15 11:14:13.679835,0
2024-12-15 11:14:13.688579,0
2024-12-15 11:14:13.689297,0
2024-12-15 11:14:13.689297,37
2024-12-15 11:14:13.693870,1019
2024-12-15 11:14:13.696492,1021
2024-12-15 11:14:13.696492,1023
2024-12-15 11:14:13.696492,1020
2024-12-15 11:14:13.702504,1021
2024-12-15 11:14:13.703425,4
2024-12-15 11:14:13.703425,0
2024-12-15 11:14:13.708430,0
2024-12-15 11:14:13.709417,1
2024-12-15 11:14:13.711410,6
2024-12-15 11:14:13.713130,667
2024-12-15 11:14:13.713130,1023
2024-12-15 11:14:13.713130,1021
2024-12-15 11:14:13.713130,1022
2024-12-15 11:14:13.713130,1022
2024-12-15 11:14:13.722185,402
2024-12-15 11:14:13.722185,0
2024-12-15 11:14:13.727391,0
2024-12-15 11:14:13.727391,0
2024-12-15 11:14:13.727391,0
2024-12-15 11:14:13.727391,396
2024-12-15 11:14:13.727391,1022
2024-12-15 11:14:13.737312,1023
2024-12-15 11:14:13.739334,1023
2024-12-15 11:14:13.741390,1021
2024-12-15 11:14:13.741903,730
2024-12-15 11:14:13.741903,0
2024-12-15 11:14:13.741903,2
2024-12-15 11:14:13.749200,4
2024-12-15 11:14:13.749200,3
2024-12-15 11:14:13.749200,155
2024-12-15 11:14:13.755015,1023
2024-12-15 11:14:13.755015,1023
2024-12-15 11:14:13.755015,1023
2024-12-15 11:14:13.755015,1022
2024-12-15 11:14:13.762653,991
2024-12-15 11:14:13.763661,3
2024-12-15 11:14:13.766648,0
2024-12-15 11:14:13.768237,1
2024-12-15 11:14:13.768950,0
2024-12-15 11:14:13.768950,65
2024-12-15 11:14:13.768950,1023
2024-12-15 11:14:13.776208,1022
2024-12-15 11:14:13.778191,0
2024-12-15 11:14:13.780212,1021
2024-12-15 11:14:13.782181,1018
2024-12-15 11:14:13.783743,2
2024-12-15 11:14:13.783743,0
2024-12-15 11:14:13.783743,0
2024-12-15 11:14:13.790360,0
2024-12-15 11:14:13.790617,10
2024-12-15 11:14:13.790617,1018
2024-12-15 11:14:13.796406,1023
2024-12-15 11:14:13.797533,411
2024-12-15 11:14:13.797533,1022
2024-12-15 11:14:13.797533,1020
2024-12-15 11:14:13.803233,7
2024-12-15 11:14:13.804079,0
2024-12-15 11:14:13.804079,1
2024-12-15 11:14:13.804079,3
2024-12-15 11:14:13.810571,3
2024-12-15 11:14:13.810571,1016
2024-12-15 11:14:13.810571,1023
2024-12-15 11:14:13.817224,809
2024-12-15 11:14:13.817224,1021
2024-12-15 11:14:13.817224,1020
2024-12-15 11:14:13.817224,550
2024-12-15 11:14:13.824090,3
2024-12-15 11:14:13.824090,0
2024-12-15 11:14:13.824090,4
2024-12-15 11:14:13.831150,0
2024-12-15 11:14:13.831150,577
2024-12-15 11:14:13.831150,1023
2024-12-15 11:14:13.831150,1022
2024-12-15 11:14:13.838560,1021
2024-12-15 11:14:13.838560,1022
2024-12-15 11:14:13.838560,941
2024-12-15 11:14:13.844868,4
2024-12-15 11:14:13.844868,1
2024-12-15 11:14:13.844868,1
2024-12-15 11:14:13.844868,3
2024-12-15 11:14:13.851863,48
2024-12-15 11:14:13.851863,1020
2024-12-15 11:14:13.851863,1021
2024-12-15 11:14:13.858892,1022
2024-12-15 11:14:13.858892,1023
2024-12-15 11:14:13.858892,1018
2024-12-15 11:14:13.858892,0
2024-12-15 11:14:13.865713,0
2024-12-15 11:14:13.865713,0
2024-12-15 11:14:13.865713,3
2024-12-15 11:14:13.872304,32
2024-12-15 11:14:13.872672,1021
2024-12-15 11:14:13.872672,1023
2024-12-15 11:14:13.872672,0
2024-12-15 11:14:13.879652,1021
2024-12-15 11:14:13.879652,1021
2024-12-15 11:14:13.879652,3
2024-12-15 11:14:13.879652,3
2024-12-15 11:14:13.886718,0
2024-12-15 11:14:13.886718,0
2024-12-15 11:14:13.886718,6
2024-12-15 11:14:13.893573,1019
2024-12-15 11:14:13.893573,1022
2024-12-15 11:14:13.893573,540
2024-12-15 11:14:13.893573,1023
2024-12-15 11:14:13.900512,1019
2024-12-15 11:14:13.900512,366
2024-12-15 11:14:13.900512,4
2024-12-15 11:14:13.907156,0
2024-12-15 11:14:13.907698,1
2024-12-15 11:14:13.907698,2
2024-12-15 11:14:13.907698,581
2024-12-15 11:14:13.914439,1023
2024-12-15 11:14:13.914439,1023
2024-12-15 11:14:13.914439,1023
2024-12-15 11:14:13.921424,1022
2024-12-15 11:14:13.921424,762
2024-12-15 11:14:13.921424,2
2024-12-15 11:14:13.921424,1
2024-12-15 11:14:13.928310,3
2024-12-15 11:14:13.928310,3
2024-12-15 11:14:13.928310,266
2024-12-15 11:14:13.928310,1020
2024-12-15 11:14:13.935792,1023
2024-12-15 11:14:13.935792,0
2024-12-15 11:14:13.935792,1021
2024-12-15 11:14:13.942233,1003
2024-12-15 11:14:13.942233,2
2024-12-15 11:14:13.942233,1
2024-12-15 11:14:13.942233,0
2024-12-15 11:14:13.949148,2
2024-12-15 11:14:13.949148,136
2024-12-15 11:14:13.949148,1019
2024-12-15 11:14:13.956177,1023
2024-12-15 11:14:13.956177,1021
2024-12-15 11:14:13.956177,0
2024-12-15 11:14:13.962667,1017
2024-12-15 11:14:13.963149,2
2024-12-15 11:14:13.963149,2
2024-12-15 11:14:13.963149,0
2024-12-15 11:14:13.969957,0
2024-12-15 11:14:13.969957,2
2024-12-15 11:14:13.969957,1018
2024-12-15 11:14:13.969957,1022
2024-12-15 11:14:13.976884,1023
2024-12-15 11:14:13.976884,1022
2024-12-15 11:14:13.976884,1023
2024-12-15 11:14:13.983871,11
2024-12-15 11:14:13.983871,4
2024-12-15 11:14:13.983871,0
2024-12-15 11:14:13.983871,0
2024-12-15 11:14:13.991565,3
2024-12-15 11:14:13.993507,1022
2024-12-15 11:14:13.995097,1022
2024-12-15 11:14:13.997893,1021
2024-12-15 11:14:13.997893,1022
2024-12-15 11:14:13.997893,1021
2024-12-15 11:14:13.997893,665
2024-12-15 11:14:14.004545,0
2024-12-15 11:14:14.006391,0
2024-12-15 11:14:14.006391,0
2024-12-15 11:14:14.011490,9
2024-12-15 11:14:14.012783,266
2024-12-15 11:14:14.012783,1022
2024-12-15 11:14:14.012783,1021
2024-12-15 11:14:14.019066,1022
2024-12-15 11:14:14.019066,1022
2024-12-15 11:14:14.019066,862
2024-12-15 11:14:14.019066,1
2024-12-15 11:14:14.025846,1
2024-12-15 11:14:14.025846,0
2024-12-15 11:14:14.025846,1
2024-12-15 11:14:14.032899,110
2024-12-15 11:14:14.032899,1018
2024-12-15 11:14:14.032899,1022
2024-12-15 11:14:14.032899,1022
2024-12-15 11:14:14.039860,1023
2024-12-15 11:14:14.039860,1019
2024-12-15 11:14:14.039860,0
2024-12-15 11:14:14.046364,0
2024-12-15 11:14:14.046364,1
2024-12-15 11:14:14.046364,0
2024-12-15 11:14:14.046364,44
2024-12-15 11:14:14.053577,1018
2024-12-15 11:14:14.053577,1021
2024-12-15 11:14:14.053577,1022
2024-12-15 11:14:14.060424,1021
2024-12-15 11:14:14.060424,1021
2024-12-15 11:14:14.060424,4
2024-12-15 11:14:14.060424,2
2024-12-15 11:14:14.067784,0
2024-12-15 11:14:14.069782,1
2024-12-15 11:14:14.071729,11
2024-12-15 11:14:14.073777,880
2024-12-15 11:14:14.074612,1022
2024-12-15 11:14:14.074612,1021
2024-12-15 11:14:14.074612,1022
2024-12-15 11:14:14.081880,1021
2024-12-15 11:14:14.083882,448
2024-12-15 11:14:14.084878,0
2024-12-15 11:14:14.087713,0
2024-12-15 11:14:14.089753,2
2024-12-15 11:14:14.090724,4
2024-12-15 11:14:14.093289,500
2024-12-15 11:14:14.095682,1022
2024-12-15 11:14:14.095682,1023
2024-12-15 11:14:14.095682,1022
2024-12-15 11:14:14.101608,1022
2024-12-15 11:14:14.103467,703
2024-12-15 11:14:14.103467,4
2024-12-15 11:14:14.103467,0
2024-12-15 11:14:14.109191,0
2024-12-15 11:14:14.109566,0
2024-12-15 11:14:14.109566,157
2024-12-15 11:14:14.109566,1021
2024-12-15 11:14:14.116369,1022
2024-12-15 11:14:14.116369,1023
2024-12-15 11:14:14.116369,1022
2024-12-15 11:14:14.123374,1019
2024-12-15 11:14:14.124628,0
2024-12-15 11:14:14.126067,1
2024-12-15 11:14:14.126067,1
2024-12-15 11:14:14.129905,0
2024-12-15 11:14:14.129905,44
2024-12-15 11:14:14.129905,1015
2024-12-15 11:14:14.136757,1022
2024-12-15 11:14:14.138481,1021
2024-12-15 11:14:14.138481,1
2024-12-15 11:14:14.138481,1019
2024-12-15 11:14:14.144566,2
2024-12-15 11:14:14.145567,0
2024-12-15 11:14:14.147600,0
2024-12-15 11:14:14.148891,1
2024-12-15 11:14:14.151268,15
2024-12-15 11:14:14.151268,1018
2024-12-15 11:14:14.151268,1022
2024-12-15 11:14:14.151268,1019
2024-12-15 11:14:14.159735,1021
2024-12-15 11:14:14.161068,1023
2024-12-15 11:14:14.164050,245
2024-12-15 11:14:14.165542,0
2024-12-15 11:14:14.165542,0
2024-12-15 11:14:14.165542,0
2024-12-15 11:14:14.171009,5
2024-12-15 11:14:14.174018,931
2024-12-15 11:14:14.174018,1021
2024-12-15 11:14:14.177953,1023
2024-12-15 11:14:14.179902,1023
2024-12-15 11:14:14.179902,1020
2024-12-15 11:14:14.179902,545
2024-12-15 11:14:14.184956,0
2024-12-15 11:14:14.187279,1
2024-12-15 11:14:14.187279,1
2024-12-15 11:14:14.187279,3
2024-12-15 11:14:14.192840,265
2024-12-15 11:14:14.194261,1019
2024-12-15 11:14:14.194261,1022
2024-12-15 11:14:14.199164,1022
2024-12-15 11:14:14.201172,1020
2024-12-15 11:14:14.201172,905
2024-12-15 11:14:14.201172,3
2024-12-15 11:14:14.206075,1
2024-12-15 11:14:14.208048,0
2024-12-15 11:14:14.208048,3
2024-12-15 11:14:14.212976,71
2024-12-15 11:14:14.214700,1020
2024-12-15 11:14:14.214700,1022
2024-12-15 11:14:14.214700,1023
2024-12-15 11:14:14.220980,1020
2024-12-15 11:14:14.221675,1019
2024-12-15 11:14:14.221675,0
2024-12-15 11:14:14.221675,0
2024-12-15 11:14:14.228031,2
2024-12-15 11:14:14.228745,0
2024-12-15 11:14:14.228745,6
2024-12-15 11:14:14.234661,1021
2024-12-15 11:14:14.235767,1021
2024-12-15 11:14:14.235767,1023
2024-12-15 11:14:14.240554,1023
2024-12-15 11:14:14.242616,1021
2024-12-15 11:14:14.242616,6
2024-12-15 11:14:14.242616,0
2024-12-15 11:14:14.247615,1
2024-12-15 11:14:14.249033,0
2024-12-15 11:14:14.249033,14
2024-12-15 11:14:14.249033,1019
2024-12-15 11:14:14.255933,1019
2024-12-15 11:14:14.255933,608
2024-12-15 11:14:14.255933,1022
2024-12-15 11:14:14.261612,1021
2024-12-15 11:14:14.262816,464
2024-12-15 11:14:14.262816,4
2024-12-15 11:14:14.262816,0
2024-12-15 11:14:14.269564,0
2024-12-15 11:14:14.269564,1
2024-12-15 11:14:14.269564,576
2024-12-15 11:14:14.275896,1021
2024-12-15 11:14:14.276423,1022
2024-12-15 11:14:14.276423,1019
2024-12-15 11:14:14.276423,1020
2024-12-15 11:14:14.283115,766
2024-12-15 11:14:14.283115,2
2024-12-15 11:14:14.283115,1
2024-12-15 11:14:14.289042,4
2024-12-15 11:14:14.289971,0
2024-12-15 11:14:14.289971,160
2024-12-15 11:14:14.289971,1019
2024-12-15 11:14:14.297245,1022
2024-12-15 11:14:14.297245,1021
2024-12-15 11:14:14.297245,1022
2024-12-15 11:14:14.302928,1000
2024-12-15 11:14:14.304148,0
2024-12-15 11:14:14.304148,1
2024-12-15 11:14:14.304148,0
2024-12-15 11:14:14.310419,2
2024-12-15 11:14:14.310419,94
2024-12-15 11:14:14.310419,1020
2024-12-15 11:14:14.316839,1023
2024-12-15 11:14:14.317585,1020
2024-12-15 11:14:14.317585,983
2024-12-15 11:14:14.317585,1018
2024-12-15 11:14:14.323749,0
2024-12-15 11:14:14.325349,3
2024-12-15 11:14:14.325349,1
2024-12-15 11:14:14.325349,2
2024-12-15 11:14:14.331578,23
2024-12-15 11:14:14.331578,1018
2024-12-15 11:14:14.331578,1021
2024-12-15 11:14:14.338183,1022
2024-12-15 11:14:14.338183,1019
2024-12-15 11:14:14.338183,1020
2024-12-15 11:14:14.338183,237
2024-12-15 11:14:14.345414,1
2024-12-15 11:14:14.345414,1
2024-12-15 11:14:14.345414,1
2024-12-15 11:14:14.351543,2
2024-12-15 11:14:14.353191,903
2024-12-15 11:14:14.356161,1021
2024-12-15 11:14:14.356242,1023
2024-12-15 11:14:14.359912,1022
2024-12-15 11:14:14.361919,1022
2024-12-15 11:14:14.362911,534
2024-12-15 11:14:14.365440,0
2024-12-15 11:14:14.367570,1
2024-12-15 11:14:14.369566,0
2024-12-15 11:14:14.370568,4
2024-12-15 11:14:14.373124,423
2024-12-15 11:14:14.373124,1021
2024-12-15 11:14:14.373124,1021
2024-12-15 11:14:14.379650,1022
2024-12-15 11:14:14.380805,1022
2024-12-15 11:14:14.382806,997
2024-12-15 11:14:14.383807,4
2024-12-15 11:14:14.386774,1
2024-12-15 11:14:14.386774,0
2024-12-15 11:14:14.386774,3
2024-12-15 11:14:14.386774,99
2024-12-15 11:14:14.393474,1019
2024-12-15 11:14:14.393474,1022
2024-12-15 11:14:14.393474,1020
2024-12-15 11:14:14.400969,1022
2024-12-15 11:14:14.400969,1018
2024-12-15 11:14:14.400969,4
2024-12-15 11:14:14.400969,0
2024-12-15 11:14:14.407800,3
2024-12-15 11:14:14.407800,0
2024-12-15 11:14:14.407800,49
2024-12-15 11:14:14.414835,1018
2024-12-15 11:14:14.414835,1021
2024-12-15 11:14:14.414835,1023
2024-12-15 11:14:14.414835,1021
2024-12-15 11:14:14.421628,1021
2024-12-15 11:14:14.421628,4
2024-12-15 11:14:14.421628,2
2024-12-15 11:14:14.427896,2
2024-12-15 11:14:14.428613,2
2024-12-15 11:14:14.428613,4
2024-12-15 11:14:14.428613,1018
2024-12-15 11:14:14.435803,1023
2024-12-15 11:14:14.437798,1023
2024-12-15 11:14:14.437798,1022
2024-12-15 11:14:14.441983,1022
2024-12-15 11:14:14.443990,472
2024-12-15 11:14:14.446031,5
2024-12-15 11:14:14.448032,0
2024-12-15 11:14:14.449993,0
2024-12-15 11:14:14.451993,2
2024-12-15 11:14:14.453180,402
2024-12-15 11:14:14.455891,1021
2024-12-15 11:14:14.455891,1022
2024-12-15 11:14:14.455891,1023
2024-12-15 11:14:14.455891,1021
2024-12-15 11:14:14.455891,754
2024-12-15 11:14:14.455891,1
2024-12-15 11:14:14.455891,0
2024-12-15 11:14:14.455891,0
2024-12-15 11:14:14.470400,6
2024-12-15 11:14:14.470400,68
2024-12-15 11:14:14.470400,1021
2024-12-15 11:14:14.470400,1023
2024-12-15 11:14:14.470400,1021
2024-12-15 11:14:14.470400,1022
2024-12-15 11:14:14.470400,927
2024-12-15 11:14:14.470400,5
2024-12-15 11:14:14.486263,0
2024-12-15 11:14:14.486263,2
2024-12-15 11:14:14.486263,0
2024-12-15 11:14:14.486263,22
2024-12-15 11:14:14.486263,1020
2024-12-15 11:14:14.486263,1021
2024-12-15 11:14:14.486263,1023
2024-12-15 11:14:14.486263,1021
2024-12-15 11:14:14.502273,1018
2024-12-15 11:14:14.504550,4
2024-12-15 11:14:14.505891,0
2024-12-15 11:14:14.507720,1
2024-12-15 11:14:14.509858,0
2024-12-15 11:14:14.512290,2
2024-12-15 11:14:14.514296,1018
2024-12-15 11:14:14.516297,1021
2024-12-15 11:14:14.518295,1022
2024-12-15 11:14:14.519464,1022
2024-12-15 11:14:14.519464,1020
2024-12-15 11:14:14.524363,140
2024-12-15 11:14:14.525404,2
2024-12-15 11:14:14.527843,2
2024-12-15 11:14:14.529923,0
2024-12-15 11:14:14.531876,4
2024-12-15 11:14:14.533561,554
2024-12-15 11:14:14.535659,1020
2024-12-15 11:14:14.537945,1023
2024-12-15 11:14:14.540009,1023
2024-12-15 11:14:14.541591,1020
2024-12-15 11:14:14.543610,601
2024-12-15 11:14:14.545491,0
2024-12-15 11:14:14.547142,3
2024-12-15 11:14:14.548265,0
2024-12-15 11:14:14.551320,2
2024-12-15 11:14:14.553631,341
2024-12-15 11:14:14.554888,1022
2024-12-15 11:14:14.556887,1023
2024-12-15 11:14:14.558887,1022
2024-12-15 11:14:14.560884,1023
2024-12-15 11:14:14.562877,946
2024-12-15 11:14:14.565284,5
2024-12-15 11:14:14.567085,2
2024-12-15 11:14:14.569080,2
2024-12-15 11:14:14.571133,2
2024-12-15 11:14:14.572942,83
2024-12-15 11:14:14.574992,1021
2024-12-15 11:14:14.576990,0
2024-12-15 11:14:14.579279,1022
2024-12-15 11:14:14.580914,1020
2024-12-15 11:14:14.582914,1017
2024-12-15 11:14:14.584366,3
2024-12-15 11:14:14.586736,0
2024-12-15 11:14:14.587887,0
2024-12-15 11:14:14.589848,2
2024-12-15 11:14:14.592538,9
2024-12-15 11:14:14.594826,1021
2024-12-15 11:14:14.596195,1023
2024-12-15 11:14:14.596195,1021
2024-12-15 11:14:14.599980,1023
2024-12-15 11:14:14.601990,1021
2024-12-15 11:14:14.603987,8
2024-12-15 11:14:14.605988,1
2024-12-15 11:14:14.607989,2
2024-12-15 11:14:14.609988,2
2024-12-15 11:14:14.611988,5
2024-12-15 11:14:14.614358,745
2024-12-15 11:14:14.615507,1021
2024-12-15 11:14:14.617508,1022
2024-12-15 11:14:14.619605,1021
2024-12-15 11:14:14.622244,1020
2024-12-15 11:14:14.623243,443
2024-12-15 11:14:14.625244,1
2024-12-15 11:14:14.627737,0
2024-12-15 11:14:14.629914,0
2024-12-15 11:14:14.631838,0
2024-12-15 11:14:14.633841,413
2024-12-15 11:14:14.635669,1021
2024-12-15 11:14:14.637670,1021
2024-12-15 11:14:14.639670,1022
2024-12-15 11:14:14.641578,1022
2024-12-15 11:14:14.643578,793
2024-12-15 11:14:14.644587,1
2024-12-15 11:14:14.646577,1
2024-12-15 11:14:14.648323,2
2024-12-15 11:14:14.648323,0
2024-12-15 11:14:14.648323,192
2024-12-15 11:14:14.655432,1022
2024-12-15 11:14:14.657512,1023
2024-12-15 11:14:14.659495,1023
2024-12-15 11:14:14.661506,1021
2024-12-15 11:14:14.663031,1012
2024-12-15 11:14:14.665061,0
2024-12-15 11:14:14.666059,0
2024-12-15 11:14:14.668058,1
2024-12-15 11:14:14.670288,5
2024-12-15 11:14:14.672313,86
2024-12-15 11:14:14.675315,1016
2024-12-15 11:14:14.677077,1022
2024-12-15 11:14:14.678122,1022
2024-12-15 11:14:14.680120,1023
2024-12-15 11:14:14.682121,1021
2024-12-15 11:14:14.684130,3
2024-12-15 11:14:14.686093,0
2024-12-15 11:14:14.686093,0
2024-12-15 11:14:14.690334,1
2024-12-15 11:14:14.692341,5
2024-12-15 11:14:14.694696,1013
2024-12-15 11:14:14.696709,1022
2024-12-15 11:14:14.698722,1022
2024-12-15 11:14:14.700716,1021
2024-12-15 11:14:14.701717,1023
2024-12-15 11:14:14.704092,89
2024-12-15 11:14:14.705757,0
2024-12-15 11:14:14.707773,1
2024-12-15 11:14:14.709777,0
2024-12-15 11:14:14.711834,6
2024-12-15 11:14:14.714229,713
2024-12-15 11:14:14.716246,1021
2024-12-15 11:14:14.718027,1023
2024-12-15 11:14:14.719410,1022
2024-12-15 11:14:14.721438,1023
2024-12-15 11:14:14.723437,574
2024-12-15 11:14:14.725128,0
2024-12-15 11:14:14.727132,3
2024-12-15 11:14:14.729132,4
2024-12-15 11:14:14.731144,3
2024-12-15 11:14:14.731816,179
2024-12-15 11:14:14.731816,1022
2024-12-15 11:14:14.731816,1022
2024-12-15 11:14:14.731816,1022
2024-12-15 11:14:14.731816,1021
2024-12-15 11:14:14.731816,786
2024-12-15 11:14:14.731816,1
2024-12-15 11:14:14.746835,0
2024-12-15 11:14:14.746835,0
2024-12-15 11:14:14.746835,0
2024-12-15 11:14:14.746835,114
2024-12-15 11:14:14.746835,1019
2024-12-15 11:14:14.746835,1022
2024-12-15 11:14:14.746835,1
2024-12-15 11:14:14.746835,1021
2024-12-15 11:14:14.762488,1018
2024-12-15 11:14:14.762488,0
2024-12-15 11:14:14.762488,1
2024-12-15 11:14:14.762488,0
2024-12-15 11:14:14.762488,2
2024-12-15 11:14:14.762488,15
2024-12-15 11:14:14.762488,1018
2024-12-15 11:14:14.762488,1022
2024-12-15 11:14:14.778113,1023
2024-12-15 11:14:14.778113,1022
2024-12-15 11:14:14.778113,1020
2024-12-15 11:14:14.778113,2
2024-12-15 11:14:14.778113,3
2024-12-15 11:14:14.778113,0
2024-12-15 11:14:14.778113,0
2024-12-15 11:14:14.778113,1
2024-12-15 11:14:14.793737,941
2024-12-15 11:14:14.793737,1020
2024-12-15 11:14:14.793737,1022
2024-12-15 11:14:14.793737,1023
2024-12-15 11:14:14.793737,1020
2024-12-15 11:14:14.804092,512
2024-12-15 11:14:14.805693,5
2024-12-15 11:14:14.807691,1
2024-12-15 11:14:14.808692,0
2024-12-15 11:14:14.811093,1
2024-12-15 11:14:14.813097,552
2024-12-15 11:14:14.815097,1022
2024-12-15 11:14:14.818042,1022
2024-12-15 11:14:14.818042,773
2024-12-15 11:14:14.818042,1020
2024-12-15 11:14:14.818042,785
2024-12-15 11:14:14.818042,0
2024-12-15 11:14:14.818042,0
2024-12-15 11:14:14.818042,0
2024-12-15 11:14:14.818042,4
2024-12-15 11:14:14.833420,443
2024-12-15 11:14:14.835638,1020
2024-12-15 11:14:14.837245,0
2024-12-15 11:14:14.838997,1023
2024-12-15 11:14:14.841001,1021
2024-12-15 11:14:14.843020,1001
2024-12-15 11:14:14.845013,0
2024-12-15 11:14:14.846849,0
2024-12-15 11:14:14.848846,2
2024-12-15 11:14:14.850846,0
2024-12-15 11:14:14.852769,12
2024-12-15 11:14:14.852769,1019
2024-12-15 11:14:14.852769,1022
2024-12-15 11:14:14.852769,1021
2024-12-15 11:14:14.861134,1021
2024-12-15 11:14:14.862540,1018
2024-12-15 11:14:14.864533,5
2024-12-15 11:14:14.866534,1
2024-12-15 11:14:14.867852,2
2024-12-15 11:14:14.869873,1
2024-12-15 11:14:14.871904,24
2024-12-15 11:14:14.874551,1019
2024-12-15 11:14:14.876580,1022
2024-12-15 11:14:14.878708,1021
2024-12-15 11:14:14.880496,1020
2024-12-15 11:14:14.882637,1019
2024-12-15 11:14:14.883663,4
2024-12-15 11:14:14.885660,3
2024-12-15 11:14:14.888161,3
2024-12-15 11:14:14.889270,2
2024-12-15 11:14:14.891310,5
2024-12-15 11:14:14.894340,1019
2024-12-15 11:14:14.896097,1020
2024-12-15 11:14:14.896097,1023
2024-12-15 11:14:14.896097,1019
2024-12-15 11:14:14.902258,1021
2024-12-15 11:14:14.904030,744
2024-12-15 11:14:14.905747,0
2024-12-15 11:14:14.907695,0
2024-12-15 11:14:14.909533,1
2024-12-15 11:14:14.911022,3
2024-12-15 11:14:14.913019,387
2024-12-15 11:14:14.915286,1021
2024-12-15 11:14:14.917167,1022
2024-12-15 11:14:14.919171,1023
2024-12-15 11:14:14.921717,1022
2024-12-15 11:14:14.923353,950
2024-12-15 11:14:14.923711,3
2024-12-15 11:14:14.923711,2
2024-12-15 11:14:14.929068,0
2024-12-15 11:14:14.929443,3
2024-12-15 11:14:14.929443,126
2024-12-15 11:14:14.929443,1020
2024-12-15 11:14:14.937923,1023
2024-12-15 11:14:14.937923,1023
2024-12-15 11:14:14.937923,1021
2024-12-15 11:14:14.943034,1019
2024-12-15 11:14:14.943560,0
2024-12-15 11:14:14.943560,2
2024-12-15 11:14:14.943560,1
2024-12-15 11:14:14.950506,0
2024-12-15 11:14:14.950506,62
2024-12-15 11:14:14.950506,1021
2024-12-15 11:14:14.956901,1021
2024-12-15 11:14:14.958225,1022
2024-12-15 11:14:14.958225,60
2024-12-15 11:14:14.958225,1018
2024-12-15 11:14:14.963934,1
2024-12-15 11:14:14.965482,2
2024-12-15 11:14:14.965482,1
2024-12-15 11:14:14.965482,0
2024-12-15 11:14:14.971419,17
2024-12-15 11:14:14.971419,1021
2024-12-15 11:14:14.971419,1022
2024-12-15 11:14:14.977734,553
2024-12-15 11:14:14.978834,1022
2024-12-15 11:14:14.978834,1020
2024-12-15 11:14:14.978834,459
2024-12-15 11:14:14.985285,0
2024-12-15 11:14:14.985285,0
2024-12-15 11:14:14.985285,4
2024-12-15 11:14:14.992055,1
2024-12-15 11:14:14.993073,816
2024-12-15 11:14:14.993073,1022
2024-12-15 11:14:14.993073,1023
2024-12-15 11:14:14.999396,1022
2024-12-15 11:14:14.999396,1022
2024-12-15 11:14:14.999396,852
2024-12-15 11:14:15.005489,2
2024-12-15 11:14:15.007882,0
2024-12-15 11:14:15.009581,0
2024-12-15 11:14:15.011148,3
2024-12-15 11:14:15.013759,294
2024-12-15 11:14:15.013759,1021
2024-12-15 11:14:15.013759,1023
2024-12-15 11:14:15.019440,1020
2024-12-15 11:14:15.020073,1021
2024-12-15 11:14:15.020073,995
2024-12-15 11:14:15.020073,2
2024-12-15 11:14:15.026875,1
2024-12-15 11:14:15.026875,0
2024-12-15 11:14:15.026875,0
2024-12-15 11:14:15.026875,76
2024-12-15 11:14:15.034526,1019
2024-12-15 11:14:15.034526,1023
2024-12-15 11:14:15.034526,1
2024-12-15 11:14:15.040811,1020
2024-12-15 11:14:15.040811,1020
2024-12-15 11:14:15.040811,3
2024-12-15 11:14:15.040811,1
2024-12-15 11:14:15.047842,1
2024-12-15 11:14:15.047842,5
2024-12-15 11:14:15.047842,12
2024-12-15 11:14:15.054562,1021
2024-12-15 11:14:15.054562,1023
2024-12-15 11:14:15.054562,0
2024-12-15 11:14:15.054562,1023
2024-12-15 11:14:15.062322,1022
2024-12-15 11:14:15.062322,334
2024-12-15 11:14:15.062322,1
2024-12-15 11:14:15.068238,3
2024-12-15 11:14:15.068913,1
2024-12-15 11:14:15.068913,17
2024-12-15 11:14:15.068913,1018
2024-12-15 11:14:15.075660,1022
2024-12-15 11:14:15.075660,1023
2024-12-15 11:14:15.075660,323
2024-12-15 11:14:15.082138,1021
2024-12-15 11:14:15.082611,615
2024-12-15 11:14:15.082611,0
2024-12-15 11:14:15.082611,0
2024-12-15 11:14:15.089748,1
2024-12-15 11:14:15.089748,3
2024-12-15 11:14:15.089748,540
2024-12-15 11:14:15.096175,1021
2024-12-15 11:14:15.097175,1023
2024-12-15 11:14:15.097175,1020
2024-12-15 11:14:15.097175,1023
2024-12-15 11:14:15.103067,878
2024-12-15 11:14:15.104057,3
2024-12-15 11:14:15.104057,1
2024-12-15 11:14:15.104057,1
2024-12-15 11:14:15.111076,0
2024-12-15 11:14:15.111076,97
2024-12-15 11:14:15.111076,1020
2024-12-15 11:14:15.117051,1023
2024-12-15 11:14:15.118889,1
2024-12-15 11:14:15.118889,1023
2024-12-15 11:14:15.118889,1020
2024-12-15 11:14:15.124901,2
2024-12-15 11:14:15.124901,0
2024-12-15 11:14:15.124901,0
2024-12-15 11:14:15.124901,5
2024-12-15 11:14:15.132603,40
2024-12-15 11:14:15.133609,1019
2024-12-15 11:14:15.133609,1023
2024-12-15 11:14:15.133609,1021
2024-12-15 11:14:15.139727,1021
2024-12-15 11:14:15.139727,1021
2024-12-15 11:14:15.139727,2
2024-12-15 11:14:15.146232,0
2024-12-15 11:14:15.146232,3
2024-12-15 11:14:15.146232,4
2024-12-15 11:14:15.146232,2
2024-12-15 11:14:15.152643,1018
2024-12-15 11:14:15.152643,1023
2024-12-15 11:14:15.158282,1022
2024-12-15 11:14:15.160438,1022
2024-12-15 11:14:15.160438,1022
2024-12-15 11:14:15.160438,419
2024-12-15 11:14:15.166204,2
2024-12-15 11:14:15.167211,0
2024-12-15 11:14:15.169163,2
2024-12-15 11:14:15.169163,3
2024-12-15 11:14:15.174198,536
2024-12-15 11:14:15.174198,1021
2024-12-15 11:14:15.174198,1021
2024-12-15 11:14:15.179396,1023
2024-12-15 11:14:15.180587,1021
2024-12-15 11:14:15.180587,819
2024-12-15 11:14:15.180587,0
2024-12-15 11:14:15.187217,0
2024-12-15 11:14:15.187217,0
2024-12-15 11:14:15.187217,3
2024-12-15 11:14:15.193037,281
2024-12-15 11:14:15.194026,1019
2024-12-15 11:14:15.194026,1023
2024-12-15 11:14:15.194026,0
2024-12-15 11:14:15.201087,1022
2024-12-15 11:14:15.201087,980
2024-12-15 11:14:15.201087,0
2024-12-15 11:14:15.206989,0
2024-12-15 11:14:15.208999,0
2024-12-15 11:14:15.210481,2
2024-12-15 11:14:15.210481,117
2024-12-15 11:14:15.214986,1018
2024-12-15 11:14:15.216075,1
2024-12-15 11:14:15.216075,1
2024-12-15 11:14:15.220799,1021
2024-12-15 11:14:15.222573,1019
2024-12-15 11:14:15.222573,0
2024-12-15 11:14:15.222573,0
2024-12-15 11:14:15.228748,2
2024-12-15 11:14:15.229136,0
2024-12-15 11:14:15.229136,60
2024-12-15 11:14:15.234840,1018
2024-12-15 11:14:15.236039,1022
2024-12-15 11:14:15.236039,1023
2024-12-15 11:14:15.236039,1022
2024-12-15 11:14:15.242812,1021
2024-12-15 11:14:15.243189,39
2024-12-15 11:14:15.243189,4
2024-12-15 11:14:15.243189,1
2024-12-15 11:14:15.249928,0
2024-12-15 11:14:15.249928,14
2024-12-15 11:14:15.249928,1021
2024-12-15 11:14:15.255670,1021
2024-12-15 11:14:15.256875,1022
2024-12-15 11:14:15.256875,1020
2024-12-15 11:14:15.256875,1021
2024-12-15 11:14:15.263455,570
2024-12-15 11:14:15.263455,0
2024-12-15 11:14:15.263455,0
2024-12-15 11:14:15.269366,0
2024-12-15 11:14:15.270457,3
2024-12-15 11:14:15.270457,396
2024-12-15 11:14:15.270457,1021
2024-12-15 11:14:15.276713,1023
2024-12-15 11:14:15.276713,1021
2024-12-15 11:14:15.276713,1021
2024-12-15 11:14:15.283251,965
2024-12-15 11:14:15.284236,0
2024-12-15 11:14:15.284236,0
2024-12-15 11:14:15.284236,0
2024-12-15 11:14:15.291376,2
2024-12-15 11:14:15.291376,144
2024-12-15 11:14:15.291376,1020
2024-12-15 11:14:15.297206,1022
2024-12-15 11:14:15.298376,1020
2024-12-15 11:14:15.298376,1020
2024-12-15 11:14:15.298376,1017
2024-12-15 11:14:15.305005,0
2024-12-15 11:14:15.305005,0
2024-12-15 11:14:15.305005,0
2024-12-15 11:14:15.305005,0
2024-12-15 11:14:15.311411,18
2024-12-15 11:14:15.311411,1021
2024-12-15 11:14:15.311411,1018
2024-12-15 11:14:15.318840,1022
2024-12-15 11:14:15.318840,762
2024-12-15 11:14:15.318840,1021
2024-12-15 11:14:15.318840,1
2024-12-15 11:14:15.325344,1
2024-12-15 11:14:15.325344,0
2024-12-15 11:14:15.325344,0
2024-12-15 11:14:15.331871,25
2024-12-15 11:14:15.332883,1018
2024-12-15 11:14:15.332883,1021
2024-12-15 11:14:15.332883,1022
2024-12-15 11:14:15.339262,1022
2024-12-15 11:14:15.339262,1020
2024-12-15 11:14:15.339262,445
2024-12-15 11:14:15.346109,2
2024-12-15 11:14:15.346109,1
2024-12-15 11:14:15.346109,0
2024-12-15 11:14:15.346109,5
2024-12-15 11:14:15.353886,733
2024-12-15 11:14:15.353886,1022
2024-12-15 11:14:15.353886,1022
2024-12-15 11:14:15.360230,1022
2024-12-15 11:14:15.360230,1021
2024-12-15 11:14:15.360230,919
2024-12-15 11:14:15.360230,0
2024-12-15 11:14:15.367205,0
2024-12-15 11:14:15.367205,0
2024-12-15 11:14:15.367205,4
2024-12-15 11:14:15.373550,287
2024-12-15 11:14:15.373963,1021
2024-12-15 11:14:15.373963,1023
2024-12-15 11:14:15.373963,1023
2024-12-15 11:14:15.380940,1020
2024-12-15 11:14:15.380940,1017
2024-12-15 11:14:15.380940,0
2024-12-15 11:14:15.380940,0
2024-12-15 11:14:15.387804,1
2024-12-15 11:14:15.387804,4
2024-12-15 11:14:15.387804,182
2024-12-15 11:14:15.394837,1019
2024-12-15 11:14:15.394837,1021
2024-12-15 11:14:15.394837,790
2024-12-15 11:14:15.401323,1022
2024-12-15 11:14:15.401795,1021
2024-12-15 11:14:15.401795,2
2024-12-15 11:14:15.401795,0
2024-12-15 11:14:15.408635,0
2024-12-15 11:14:15.408635,2
2024-12-15 11:14:15.408635,4
2024-12-15 11:14:15.408635,1022
2024-12-15 11:14:15.415732,1021
2024-12-15 11:14:15.415732,1023
2024-12-15 11:14:15.415732,1022
2024-12-15 11:14:15.422677,1020
2024-12-15 11:14:15.422677,47
2024-12-15 11:14:15.422677,0
2024-12-15 11:14:15.422677,0
2024-12-15 11:14:15.430249,4
2024-12-15 11:14:15.430249,6
2024-12-15 11:14:15.430249,1015
2024-12-15 11:14:15.436457,1023
2024-12-15 11:14:15.436457,1023
2024-12-15 11:14:15.436457,1022
2024-12-15 11:14:15.436457,1021
2024-12-15 11:14:15.443312,597
2024-12-15 11:14:15.443312,0
2024-12-15 11:14:15.443312,2
2024-12-15 11:14:15.443312,2
2024-12-15 11:14:15.450382,4
2024-12-15 11:14:15.450382,392
2024-12-15 11:14:15.450382,1021
2024-12-15 11:14:15.457243,1023
2024-12-15 11:14:15.457243,686
2024-12-15 11:14:15.457243,1020
2024-12-15 11:14:15.463816,849
2024-12-15 11:14:15.464134,6
2024-12-15 11:14:15.464134,0
2024-12-15 11:14:15.464134,1
2024-12-15 11:14:15.471172,1
2024-12-15 11:14:15.471172,187
2024-12-15 11:14:15.471172,1019
2024-12-15 11:14:15.477709,1022
2024-12-15 11:14:15.478021,1021
2024-12-15 11:14:15.478021,1021
2024-12-15 11:14:15.478021,1019
2024-12-15 11:14:15.485077,0
2024-12-15 11:14:15.485077,1
2024-12-15 11:14:15.485077,0
2024-12-15 11:14:15.485077,1
2024-12-15 11:14:15.491902,9
2024-12-15 11:14:15.491902,1020
2024-12-15 11:14:15.491902,1023
2024-12-15 11:14:15.498638,0
2024-12-15 11:14:15.498964,1022
2024-12-15 11:14:15.498964,1020
2024-12-15 11:14:15.498964,3
2024-12-15 11:14:15.505897,0
2024-12-15 11:14:15.505897,3
2024-12-15 11:14:15.505897,1
2024-12-15 11:14:15.512522,7
2024-12-15 11:14:15.514771,1019
2024-12-15 11:14:15.516844,1020
2024-12-15 11:14:15.516844,1023
2024-12-15 11:14:15.519727,1021
2024-12-15 11:14:15.519727,1021
2024-12-15 11:14:15.519727,524
2024-12-15 11:14:15.526317,1
2024-12-15 11:14:15.526731,0
2024-12-15 11:14:15.526731,1
2024-12-15 11:14:15.526731,2
2024-12-15 11:14:15.533648,689
2024-12-15 11:14:15.533648,1022
2024-12-15 11:14:15.533648,1021
2024-12-15 11:14:15.540253,1023
2024-12-15 11:14:15.540704,1021
2024-12-15 11:14:15.540704,715
2024-12-15 11:14:15.540704,0
2024-12-15 11:14:15.547667,1
2024-12-15 11:14:15.547667,2
2024-12-15 11:14:15.547667,0
2024-12-15 11:14:15.547667,284
2024-12-15 11:14:15.554480,1020
2024-12-15 11:14:15.554480,1021
2024-12-15 11:14:15.554480,1021
2024-12-15 11:14:15.561669,1022
2024-12-15 11:14:15.561669,975
2024-12-15 11:14:15.561669,3
2024-12-15 11:14:15.561669,1
2024-12-15 11:14:15.568472,2
2024-12-15 11:14:15.568472,0
2024-12-15 11:14:15.568472,108
2024-12-15 11:14:15.575424,1022
2024-12-15 11:14:15.575424,1023
2024-12-15 11:14:15.575424,1021
2024-12-15 11:14:15.575424,1020
2024-12-15 11:14:15.582306,1021
2024-12-15 11:14:15.582306,2
2024-12-15 11:14:15.582306,3
2024-12-15 11:14:15.588958,0
2024-12-15 11:14:15.589709,1
2024-12-15 11:14:15.589709,9
2024-12-15 11:14:15.589709,1018
2024-12-15 11:14:15.596102,1022
2024-12-15 11:14:15.596102,1021
2024-12-15 11:14:15.596102,1023
2024-12-15 11:14:15.602741,1022
2024-12-15 11:14:15.603122,165
2024-12-15 11:14:15.603122,0
2024-12-15 11:14:15.603122,1
2024-12-15 11:14:15.610078,6
2024-12-15 11:14:15.610078,6
2024-12-15 11:14:15.610078,1022
2024-12-15 11:14:15.616603,1023
2024-12-15 11:14:15.616922,0
2024-12-15 11:14:15.616922,1021
2024-12-15 11:14:15.616922,1022
2024-12-15 11:14:15.624025,598
2024-12-15 11:14:15.624025,0
2024-12-15 11:14:15.624025,0
2024-12-15 11:14:15.624025,3
2024-12-15 11:14:15.630785,4
2024-12-15 11:14:15.630785,749
2024-12-15 11:14:15.630785,1022
2024-12-15 11:14:15.637766,1023
2024-12-15 11:14:15.637766,0
2024-12-15 11:14:15.637766,1022
2024-12-15 11:14:15.637766,884
2024-12-15 11:14:15.645151,0
2024-12-15 11:14:15.645151,0
2024-12-15 11:14:15.645151,2
2024-12-15 11:14:15.651393,1
2024-12-15 11:14:15.652808,228
2024-12-15 11:14:15.652808,1021
2024-12-15 11:14:15.652808,1022
2024-12-15 11:14:15.659205,1
2024-12-15 11:14:15.659205,1021
2024-12-15 11:14:15.659205,1017
2024-12-15 11:14:15.659205,0
2024-12-15 11:14:15.666159,0
2024-12-15 11:14:15.666159,0
2024-12-15 11:14:15.666159,4
2024-12-15 11:14:15.673129,22
2024-12-15 11:14:15.673129,1020
2024-12-15 11:14:15.673129,1022
2024-12-15 11:14:15.673129,1
2024-12-15 11:14:15.680061,1023
2024-12-15 11:14:15.680061,1020
2024-12-15 11:14:15.680061,1
2024-12-15 11:14:15.680061,1
2024-12-15 11:14:15.687020,0
2024-12-15 11:14:15.687020,2
2024-12-15 11:14:15.687020,6
2024-12-15 11:14:15.694232,1018
2024-12-15 11:14:15.694232,1022
2024-12-15 11:14:15.694232,1023
2024-12-15 11:14:15.694232,1022
2024-12-15 11:14:15.701301,1021
2024-12-15 11:14:15.701301,278
2024-12-15 11:14:15.701301,0
2024-12-15 11:14:15.707470,1
2024-12-15 11:14:15.707470,0
2024-12-15 11:14:15.707470,7
2024-12-15 11:14:15.714513,1017
2024-12-15 11:14:15.714513,1022
2024-12-15 11:14:15.714513,1021
2024-12-15 11:14:15.714513,1022
2024-12-15 11:14:15.721396,1022
2024-12-15 11:14:15.721396,721
2024-12-15 11:14:15.721396,0
2024-12-15 11:14:15.727778,0
2024-12-15 11:14:15.729783,0
2024-12-15 11:14:15.730550,2
2024-12-15 11:14:15.730550,377
2024-12-15 11:14:15.735807,1022
2024-12-15 11:14:15.738028,1022
2024-12-15 11:14:15.739619,3
2024-12-15 11:14:15.741916,1020
2024-12-15 11:14:15.743777,970
2024-12-15 11:14:15.745492,2
2024-12-15 11:14:15.747467,0
2024-12-15 11:14:15.748678,0
2024-12-15 11:14:15.748678,3
2024-12-15 11:14:15.748678,131
2024-12-15 11:14:15.748678,1019
2024-12-15 11:14:15.748678,1022
2024-12-15 11:14:15.748678,1022
2024-12-15 11:14:15.748678,1022
2024-12-15 11:14:15.748678,1012
2024-12-15 11:14:15.764320,1
2024-12-15 11:14:15.764320,0
2024-12-15 11:14:15.764320,1
2024-12-15 11:14:15.764320,2
2024-12-15 11:14:15.764320,10
2024-12-15 11:14:15.764320,1021
2024-12-15 11:14:15.764320,1023
2024-12-15 11:14:15.764320,1022
2024-12-15 11:14:15.779945,1022
2024-12-15 11:14:15.779945,1019
2024-12-15 11:14:15.779945,1
2024-12-15 11:14:15.779945,0
2024-12-15 11:14:15.779945,2
2024-12-15 11:14:15.779945,1
2024-12-15 11:14:15.779945,4
2024-12-15 11:14:15.779945,1020
2024-12-15 11:14:15.795571,1022
2024-12-15 11:14:15.795571,1022
2024-12-15 11:14:15.795571,1023
2024-12-15 11:14:15.795571,1022
2024-12-15 11:14:15.795571,637
2024-12-15 11:14:15.795571,5
2024-12-15 11:14:15.795571,1
2024-12-15 11:14:15.795571,4
2024-12-15 11:14:15.811413,2
2024-12-15 11:14:15.811413,568
2024-12-15 11:14:15.811413,1021
2024-12-15 11:14:15.811413,1023
2024-12-15 11:14:15.811413,0
2024-12-15 11:14:15.811413,1023
2024-12-15 11:14:15.811413,870
2024-12-15 11:14:15.811413,1
2024-12-15 11:14:15.827048,0
2024-12-15 11:14:15.827048,0
2024-12-15 11:14:15.827048,4
2024-12-15 11:14:15.827048,212
2024-12-15 11:14:15.827048,1019
2024-12-15 11:14:15.827048,1021
2024-12-15 11:14:15.827048,1022
2024-12-15 11:14:15.827048,1020
2024-12-15 11:14:15.842432,1017
2024-12-15 11:14:15.842432,2
2024-12-15 11:14:15.842432,2
2024-12-15 11:14:15.842432,2
2024-12-15 11:14:15.842432,0
2024-12-15 11:14:15.842432,155
2024-12-15 11:14:15.842432,1020
2024-12-15 11:14:15.842432,1022
2024-12-15 11:14:15.858293,1022
2024-12-15 11:14:15.858293,1021
2024-12-15 11:14:15.858293,1021
2024-12-15 11:14:15.858293,6
2024-12-15 11:14:15.858293,2
2024-12-15 11:14:15.858293,0
2024-12-15 11:14:15.858293,0
2024-12-15 11:14:15.858293,5
2024-12-15 11:14:15.873917,1021
2024-12-15 11:14:15.873917,1023
2024-12-15 11:14:15.873917,1023
2024-12-15 11:14:15.873917,0
2024-12-15 11:14:15.873917,1021
2024-12-15 11:14:15.873917,443
2024-12-15 11:14:15.873917,1
2024-12-15 11:14:15.873917,0
2024-12-15 11:14:15.889308,1
2024-12-15 11:14:15.889308,3
2024-12-15 11:14:15.889308,742
2024-12-15 11:14:15.889308,1020
2024-12-15 11:14:15.889308,1021
2024-12-15 11:14:15.889308,1021
2024-12-15 11:14:15.889308,1021
2024-12-15 11:14:15.889308,703
2024-12-15 11:14:15.904973,4
2024-12-15 11:14:15.904973,0
2024-12-15 11:14:15.904973,0
2024-12-15 11:14:15.904973,0
2024-12-15 11:14:15.904973,422
2024-12-15 11:14:15.904973,1020
2024-12-15 11:14:15.904973,1023
